Uniprot_IDs,ChEMBL_IDs,Activity
O14842,CHEMBL2022258,0
O14842,CHEMBL2047161,0
O14842,CHEMBL2047163,0
O14842,CHEMBL2047168,0
O14842,CHEMBL2047169,0
O14842,CHEMBL2048621,0
O14842,CHEMBL2048623,0
O14842,CHEMBL4067052,0
O14842,CHEMBL4069191,0
O14842,CHEMBL4071899,0
O14842,CHEMBL4787628,0
O14842,CHEMBL4798023,0
O14842,CHEMBL4792075,0
O14842,CHEMBL4787498,0
P05067,CHEMBL81260,0
P05067,CHEMBL55380,0
P05067,CHEMBL78765,0
P05067,CHEMBL76112,0
P05067,CHEMBL58092,0
P05067,CHEMBL57267,0
P05067,CHEMBL55536,0
P05067,CHEMBL93118,0
P05067,CHEMBL329640,0
P05067,CHEMBL1169460,0
P05067,CHEMBL438972,0
P05067,CHEMBL205824,0
P05067,CHEMBL381991,0
P05067,CHEMBL205332,0
P05067,CHEMBL205899,0
P05067,CHEMBL216432,0
P05067,CHEMBL224149,0
P05067,CHEMBL227817,0
P05067,CHEMBL413436,0
P05067,CHEMBL226610,0
P05067,CHEMBL241967,0
P05067,CHEMBL245214,0
P05067,CHEMBL243935,0
P05067,CHEMBL244747,0
P05067,CHEMBL242347,0
P05067,CHEMBL398155,0
P05067,CHEMBL252969,0
P05067,CHEMBL252766,0
P05067,CHEMBL524651,0
P05067,CHEMBL501127,0
P05067,CHEMBL566723,0
P05067,CHEMBL1774461,0
P05067,CHEMBL570606,0
P05067,CHEMBL576655,0
P05067,CHEMBL598083,0
P05067,CHEMBL8036,0
P05067,CHEMBL2042124,0
P05067,CHEMBL2296463,0
P05067,CHEMBL2296466,0
P05067,CHEMBL2296467,0
P05067,CHEMBL2397726,0
P05067,CHEMBL2407623,0
P05067,CHEMBL3314334,0
P05067,CHEMBL3314336,0
P05067,CHEMBL3314339,0
P05067,CHEMBL3593916,0
P05067,CHEMBL3593910,0
P05067,CHEMBL3593896,0
P05067,CHEMBL3593901,0
P05067,CHEMBL3593252,0
P05067,CHEMBL3593926,0
P05067,CHEMBL3759510,0
P05067,CHEMBL3759263,0
P05067,CHEMBL4167943,0
P05067,CHEMBL4470128,0
P08588,CHEMBL40882,0
P08588,CHEMBL251600,0
P08588,CHEMBL427711,0
P08588,CHEMBL2158704,0
P08588,CHEMBL2335163,0
P08912,CHEMBL4542697,0
P0DMS8,CHEMBL107987,0
P0DMS8,CHEMBL162271,0
P0DMS8,CHEMBL165784,0
P0DMS8,CHEMBL164745,0
P0DMS8,CHEMBL162000,0
P0DMS8,CHEMBL71053,0
P0DMS8,CHEMBL351051,0
P0DMS8,CHEMBL108753,0
P0DMS8,CHEMBL159631,0
P0DMS8,CHEMBL337503,0
P0DMS8,CHEMBL164302,0
P0DMS8,CHEMBL349191,0
P0DMS8,CHEMBL319976,0
P0DMS8,CHEMBL97753,0
P0DMS8,CHEMBL317580,0
P0DMS8,CHEMBL72007,0
P0DMS8,CHEMBL309755,0
P0DMS8,CHEMBL305975,0
P0DMS8,CHEMBL310534,0
P0DMS8,CHEMBL69841,0
P0DMS8,CHEMBL315984,0
P0DMS8,CHEMBL330696,0
P0DMS8,CHEMBL90282,0
P0DMS8,CHEMBL87053,0
P0DMS8,CHEMBL84583,0
P0DMS8,CHEMBL388757,0
P0DMS8,CHEMBL605468,0
P0DMS8,CHEMBL2113441,0
P0DMS8,CHEMBL605266,0
P0DMS8,CHEMBL2113420,0
P0DMS8,CHEMBL277357,0
P0DMS8,CHEMBL106265,0
P0DMS8,CHEMBL16833,0
P0DMS8,CHEMBL1788234,0
P0DMS8,CHEMBL308409,0
P0DMS8,CHEMBL139931,0
P0DMS8,CHEMBL141792,0
P0DMS8,CHEMBL133387,0
P0DMS8,CHEMBL338501,0
P0DMS8,CHEMBL1484,0
P0DMS8,CHEMBL128269,0
P0DMS8,CHEMBL423852,0
P0DMS8,CHEMBL63520,0
P0DMS8,CHEMBL75772,0
P0DMS8,CHEMBL293478,0
P0DMS8,CHEMBL305858,0
P0DMS8,CHEMBL118679,0
P0DMS8,CHEMBL320093,0
P0DMS8,CHEMBL357089,0
P0DMS8,CHEMBL2112806,0
P0DMS8,CHEMBL79415,0
P0DMS8,CHEMBL2113534,0
P0DMS8,CHEMBL2113595,0
P0DMS8,CHEMBL2070399,0
P0DMS8,CHEMBL2113434,0
P0DMS8,CHEMBL2113605,0
P0DMS8,CHEMBL2113431,0
P0DMS8,CHEMBL424071,0
P0DMS8,CHEMBL131068,0
P0DMS8,CHEMBL177183,0
P0DMS8,CHEMBL366396,0
P0DMS8,CHEMBL175871,0
P0DMS8,CHEMBL179315,0
P0DMS8,CHEMBL359473,0
P0DMS8,CHEMBL187336,0
P0DMS8,CHEMBL198574,0
P0DMS8,CHEMBL97286,0
P0DMS8,CHEMBL83855,0
P0DMS8,CHEMBL200033,0
P0DMS8,CHEMBL200332,0
P0DMS8,CHEMBL200064,0
P0DMS8,CHEMBL371022,0
P0DMS8,CHEMBL378606,0
P0DMS8,CHEMBL205551,0
P0DMS8,CHEMBL209122,0
P0DMS8,CHEMBL209332,0
P0DMS8,CHEMBL226585,0
P0DMS8,CHEMBL387921,0
P0DMS8,CHEMBL389318,0
P0DMS8,CHEMBL239194,0
P0DMS8,CHEMBL279403,0
P0DMS8,CHEMBL400619,0
P0DMS8,CHEMBL256185,0
P0DMS8,CHEMBL406567,0
P0DMS8,CHEMBL405824,0
P0DMS8,CHEMBL264139,0
P0DMS8,CHEMBL475792,0
P0DMS8,CHEMBL474636,0
P0DMS8,CHEMBL516372,0
P0DMS8,CHEMBL475026,0
P0DMS8,CHEMBL492356,0
P0DMS8,CHEMBL521312,0
P0DMS8,CHEMBL483969,0
P0DMS8,CHEMBL486373,0
P0DMS8,CHEMBL457481,0
P0DMS8,CHEMBL516851,0
P0DMS8,CHEMBL464040,0
P0DMS8,CHEMBL520122,0
P0DMS8,CHEMBL517868,0
P0DMS8,CHEMBL461151,0
P0DMS8,CHEMBL471419,0
P0DMS8,CHEMBL470814,0
P0DMS8,CHEMBL573502,0
P0DMS8,CHEMBL584382,0
P0DMS8,CHEMBL576883,0
P0DMS8,CHEMBL578819,0
P0DMS8,CHEMBL595117,0
P0DMS8,CHEMBL1090126,0
P0DMS8,CHEMBL1089113,0
P0DMS8,CHEMBL1099202,0
P0DMS8,CHEMBL1650142,0
P0DMS8,CHEMBL1650351,0
P0DMS8,CHEMBL1650358,0
P0DMS8,CHEMBL1650400,0
P0DMS8,CHEMBL1688380,0
P0DMS8,CHEMBL1766352,0
P0DMS8,CHEMBL1766358,0
P0DMS8,CHEMBL1834704,0
P0DMS8,CHEMBL40583,0
P0DMS8,CHEMBL603,0
P0DMS8,CHEMBL408,0
P0DMS8,CHEMBL727,0
P0DMS8,CHEMBL1945564,0
P0DMS8,CHEMBL1946290,0
P0DMS8,CHEMBL1946291,0
P0DMS8,CHEMBL2012689,0
P0DMS8,CHEMBL2012688,0
P0DMS8,CHEMBL2064644,0
P0DMS8,CHEMBL2064646,0
P0DMS8,CHEMBL2089339,0
P0DMS8,CHEMBL2089345,0
P0DMS8,CHEMBL2151124,0
P0DMS8,CHEMBL108705,0
P0DMS8,CHEMBL99541,0
P0DMS8,CHEMBL431620,0
P0DMS8,CHEMBL2322906,0
P0DMS8,CHEMBL2322904,0
P0DMS8,CHEMBL2322900,0
P0DMS8,CHEMBL2322898,0
P0DMS8,CHEMBL2326840,0
P0DMS8,CHEMBL2326843,0
P0DMS8,CHEMBL2401955,0
P0DMS8,CHEMBL3311283,0
P0DMS8,CHEMBL3311388,0
P0DMS8,CHEMBL3407766,0
P0DMS8,CHEMBL3407779,0
P0DMS8,CHEMBL3407787,0
P0DMS8,CHEMBL3415031,0
P0DMS8,CHEMBL3415033,0
P0DMS8,CHEMBL3612939,0
P0DMS8,CHEMBL3751909,0
P0DMS8,CHEMBL3752218,0
P0DMS8,CHEMBL3799889,0
P0DMS8,CHEMBL3940251,0
P0DMS8,CHEMBL4103734,0
P0DMS8,CHEMBL4068676,0
P0DMS8,CHEMBL4079152,0
P0DMS8,CHEMBL4096414,0
P0DMS8,CHEMBL4278607,0
P0DMS8,CHEMBL4283891,0
P0DMS8,CHEMBL4593430,0
P0DMS8,CHEMBL4464518,0
P0DMS8,CHEMBL4519265,0
P21554,CHEMBL161520,0
P21554,CHEMBL138667,0
P21554,CHEMBL344623,0
P21554,CHEMBL337094,0
P21554,CHEMBL140353,0
P21554,CHEMBL45730,0
P21554,CHEMBL15478,0
P21554,CHEMBL361957,0
P21554,CHEMBL360306,0
P21554,CHEMBL180963,0
P21554,CHEMBL362480,0
P21554,CHEMBL189056,0
P21554,CHEMBL192436,0
P21554,CHEMBL381136,0
P21554,CHEMBL381922,0
P21554,CHEMBL383287,0
P21554,CHEMBL201291,0
P21554,CHEMBL201924,0
P21554,CHEMBL225358,0
P21554,CHEMBL375286,0
P21554,CHEMBL388398,0
P21554,CHEMBL224748,0
P21554,CHEMBL390000,0
P21554,CHEMBL230782,0
P21554,CHEMBL396799,0
P21554,CHEMBL229859,0
P21554,CHEMBL388987,0
P21554,CHEMBL229801,0
P21554,CHEMBL229750,0
P21554,CHEMBL160963,0
P21554,CHEMBL397855,0
P21554,CHEMBL246971,0
P21554,CHEMBL397387,0
P21554,CHEMBL263129,0
P21554,CHEMBL408427,0
P21554,CHEMBL409441,0
P21554,CHEMBL409217,0
P21554,CHEMBL259651,0
P21554,CHEMBL524804,0
P21554,CHEMBL496507,0
P21554,CHEMBL461598,0
P21554,CHEMBL483749,0
P21554,CHEMBL521173,0
P21554,CHEMBL551122,0
P21554,CHEMBL551462,0
P21554,CHEMBL562654,0
P21554,CHEMBL579196,0
P21554,CHEMBL585095,0
P21554,CHEMBL1760663,0
P21554,CHEMBL1801083,0
P21554,CHEMBL1801339,0
P21554,CHEMBL1950341,0
P21554,CHEMBL1950352,0
P21554,CHEMBL1950354,0
P21554,CHEMBL1950357,0
P21554,CHEMBL2022404,0
P21554,CHEMBL2029730,0
P21554,CHEMBL2029720,0
P21554,CHEMBL2063121,0
P21554,CHEMBL286188,0
P21554,CHEMBL285153,0
P21554,CHEMBL2296787,0
P21554,CHEMBL32929,0
P21554,CHEMBL3259829,0
P21554,CHEMBL3260749,0
P21554,CHEMBL4076020,0
P21554,CHEMBL4063825,0
P21554,CHEMBL4093165,0
P21554,CHEMBL4453578,0
P21554,CHEMBL4457768,0
P21554,CHEMBL13078,0
P21554,CHEMBL4577001,0
P21918,CHEMBL282116,0
P21918,CHEMBL540867,0
P21918,CHEMBL535602,0
P21918,CHEMBL554303,0
P21918,CHEMBL557840,0
P21918,CHEMBL534478,0
P21918,CHEMBL4872572,0
P25101,CHEMBL11528,0
P25101,CHEMBL87859,0
P25101,CHEMBL128818,0
P25101,CHEMBL64200,0
P25101,CHEMBL106684,0
P28222,CHEMBL139737,0
P28222,CHEMBL107487,0
P28222,CHEMBL225364,0
P28222,CHEMBL224399,0
P28222,CHEMBL392770,0
P28222,CHEMBL407706,0
P28222,CHEMBL602674,0
P28223,CHEMBL46788,0
P28223,CHEMBL46979,0
P28223,CHEMBL298271,0
P28223,CHEMBL58273,0
P28223,CHEMBL61207,0
P28223,CHEMBL58133,0
P28223,CHEMBL72611,0
P28223,CHEMBL148103,0
P28223,CHEMBL330454,0
P28223,CHEMBL9951,0
P28223,CHEMBL267062,0
P28223,CHEMBL9616,0
P28223,CHEMBL273872,0
P28223,CHEMBL18904,0
P28223,CHEMBL42507,0
P28223,CHEMBL42948,0
P28223,CHEMBL214379,0
P28223,CHEMBL497156,0
P28223,CHEMBL473796,0
P28223,CHEMBL473564,0
P28223,CHEMBL460480,0
P28223,CHEMBL483388,0
P28223,CHEMBL1744358,0
P28223,CHEMBL69700,0
P28223,CHEMBL255229,0
P28223,CHEMBL484957,0
P28223,CHEMBL483750,0
P28223,CHEMBL606150,0
P28223,CHEMBL593821,0
P28223,CHEMBL2237152,0
P28223,CHEMBL3220217,0
P28223,CHEMBL4208250,0
P28223,CHEMBL4641860,0
P29371,CHEMBL295270,0
P29371,CHEMBL53719,0
P29371,CHEMBL297736,0
P29371,CHEMBL50905,0
P29371,CHEMBL415968,0
P29371,CHEMBL268046,0
P29371,CHEMBL2113679,0
P29371,CHEMBL274163,0
P29371,CHEMBL10134,0
P29371,CHEMBL10333,0
P29371,CHEMBL268042,0
P29371,CHEMBL482006,0
P29371,CHEMBL480628,0
P29371,CHEMBL479449,0
P29371,CHEMBL1277890,0
P29371,CHEMBL1278058,0
P29371,CHEMBL1682629,0
P29371,CHEMBL1682631,0
P29371,CHEMBL1682635,0
P29371,CHEMBL1682649,0
P29371,CHEMBL1682658,0
P29371,CHEMBL1682663,0
P29371,CHEMBL1682669,0
P29371,CHEMBL1760333,0
P29371,CHEMBL1760335,0
P29371,CHEMBL1760210,0
P29371,CHEMBL3421995,0
P29371,CHEMBL3421988,0
P29371,CHEMBL3421987,0
P29371,CHEMBL3421984,0
P29371,CHEMBL3422008,0
P29371,CHEMBL3648196,0
P29371,CHEMBL3680178,0
P29371,CHEMBL3680187,0
P29371,CHEMBL3680192,0
P29371,CHEMBL3680195,0
P29371,CHEMBL4108131,0
P29371,CHEMBL4106959,0
P29371,CHEMBL3928364,0
P29371,CHEMBL4109299,0
P29371,CHEMBL3928681,0
P29371,CHEMBL3968022,0
P29371,CHEMBL3974945,0
P29371,CHEMBL3950819,0
P29371,CHEMBL3910487,0
P29371,CHEMBL3963808,0
P29371,CHEMBL3949252,0
P29371,CHEMBL3937693,0
P29371,CHEMBL3946054,0
P29371,CHEMBL3961085,0
P29371,CHEMBL3986148,0
P29371,CHEMBL3907155,0
P29371,CHEMBL4110064,0
P30939,CHEMBL3617549,0
P32239,CHEMBL120632,0
P32239,CHEMBL2371224,0
P32239,CHEMBL317108,0
P32239,CHEMBL420459,0
P32239,CHEMBL329305,0
P32239,CHEMBL319795,0
P32239,CHEMBL339451,0
P32239,CHEMBL262679,0
P32239,CHEMBL338382,0
P32239,CHEMBL319096,0
P32239,CHEMBL291033,0
P32239,CHEMBL165869,0
P32239,CHEMBL3351058,0
P32239,CHEMBL3351048,0
P32239,CHEMBL331394,0
P32239,CHEMBL120257,0
P32239,CHEMBL120150,0
P32239,CHEMBL122012,0
P32239,CHEMBL120827,0
P32239,CHEMBL122872,0
P32239,CHEMBL266990,0
P32239,CHEMBL121267,0
P32239,CHEMBL338278,0
P32239,CHEMBL120296,0
P32239,CHEMBL121624,0
P32239,CHEMBL339879,0
P32239,CHEMBL118622,0
P32239,CHEMBL331929,0
P32239,CHEMBL332128,0
P32239,CHEMBL332902,0
P32239,CHEMBL251684,0
P32239,CHEMBL251486,0
P34969,CHEMBL94261,0
P34969,CHEMBL422146,0
P34969,CHEMBL428892,0
P34969,CHEMBL152292,0
P34969,CHEMBL152873,0
P34969,CHEMBL347511,0
P34969,CHEMBL81784,0
P34969,CHEMBL81424,0
P34969,CHEMBL310317,0
P34969,CHEMBL81022,0
P34969,CHEMBL9951,0
P34969,CHEMBL267062,0
P34969,CHEMBL9616,0
P34969,CHEMBL9615,0
P34969,CHEMBL273872,0
P34969,CHEMBL85814,0
P34969,CHEMBL307101,0
P34969,CHEMBL71847,0
P34969,CHEMBL71057,0
P34969,CHEMBL308461,0
P34969,CHEMBL303166,0
P34969,CHEMBL434477,0
P34969,CHEMBL12389,0
P34969,CHEMBL1256844,0
P34969,CHEMBL368044,0
P34969,CHEMBL182680,0
P34969,CHEMBL359725,0
P34969,CHEMBL181356,0
P34969,CHEMBL206305,0
P34969,CHEMBL206747,0
P34969,CHEMBL383232,0
P34969,CHEMBL240110,0
P34969,CHEMBL260551,0
P34969,CHEMBL407263,0
P34969,CHEMBL408429,0
P34969,CHEMBL261719,0
P34969,CHEMBL258496,0
P34969,CHEMBL478073,0
P34969,CHEMBL476862,0
P34969,CHEMBL477065,0
P34969,CHEMBL479105,0
P34969,CHEMBL561750,0
P34969,CHEMBL599612,0
P34969,CHEMBL1644267,0
P34969,CHEMBL1782791,0
P34969,CHEMBL3215834,0
P34969,CHEMBL1812290,0
P34969,CHEMBL1836794,0
P34969,CHEMBL1836793,0
P34969,CHEMBL1836788,0
P34969,CHEMBL1836786,0
P34969,CHEMBL364124,0
P34969,CHEMBL1917341,0
P34969,CHEMBL1917343,0
P34969,CHEMBL1917357,0
P34969,CHEMBL2158029,0
P34969,CHEMBL2159307,0
P34969,CHEMBL2159308,0
P34969,CHEMBL2159314,0
P34969,CHEMBL2159318,0
P34969,CHEMBL2376461,0
P34969,CHEMBL2376451,0
P34969,CHEMBL2376468,0
P34969,CHEMBL2376467,0
P34969,CHEMBL2376465,0
P34969,CHEMBL3092760,0
P34969,CHEMBL3121415,0
P34969,CHEMBL3121431,0
P34969,CHEMBL3121424,0
P34969,CHEMBL3121417,0
P34969,CHEMBL3121439,0
P34969,CHEMBL3262423,0
P34969,CHEMBL3262398,0
P34969,CHEMBL3262408,0
P34969,CHEMBL3262419,0
P34969,CHEMBL3310115,0
P34969,CHEMBL3310116,0
P34969,CHEMBL3310120,0
P34969,CHEMBL3310713,0
P34969,CHEMBL3326989,0
P34969,CHEMBL3326976,0
P34969,CHEMBL3343664,0
P34969,CHEMBL3343666,0
P34969,CHEMBL3343673,0
P34969,CHEMBL365751,0
P34969,CHEMBL3763534,0
P34969,CHEMBL3764661,0
P34969,CHEMBL3764477,0
P34969,CHEMBL3765208,0
P34969,CHEMBL3763677,0
P34969,CHEMBL3927929,0
P34969,CHEMBL3972166,0
P34969,CHEMBL3892079,0
P34969,CHEMBL4211987,0
P34969,CHEMBL4213067,0
P34969,CHEMBL4207073,0
P34969,CHEMBL4456195,0
P34969,CHEMBL4591108,0
P34969,CHEMBL4442472,0
P34969,CHEMBL12933,0
P34969,CHEMBL4548926,0
P34969,CHEMBL4528701,0
P35372,CHEMBL276502,0
P35372,CHEMBL438571,0
P35372,CHEMBL141261,0
P35372,CHEMBL104200,0
P35372,CHEMBL147044,0
P35372,CHEMBL147569,0
P35372,CHEMBL40581,0
P35372,CHEMBL41649,0
P35372,CHEMBL536034,0
P35372,CHEMBL557576,0
P35372,CHEMBL197479,0
P35372,CHEMBL257627,0
P35372,CHEMBL35838,0
P35372,CHEMBL466147,0
P35372,CHEMBL387816,0
P35372,CHEMBL510939,0
P35372,CHEMBL577747,0
P35372,CHEMBL577748,0
P35372,CHEMBL570634,0
P35372,CHEMBL3323509,0
P35372,CHEMBL3323526,0
P35372,CHEMBL3326227,0
P35372,CHEMBL3947184,0
P35372,CHEMBL3907149,0
P35372,CHEMBL3923372,0
P35372,CHEMBL3911769,0
P35372,CHEMBL3915488,0
P35372,CHEMBL3954498,0
P35372,CHEMBL3893577,0
P35372,CHEMBL3810337,0
P35372,CHEMBL3909041,0
P35372,CHEMBL3961861,0
P35372,CHEMBL3953613,0
P35372,CHEMBL3954763,0
P35372,CHEMBL3958404,0
P35372,CHEMBL3986245,0
P35372,CHEMBL4109400,0
P35372,CHEMBL4108042,0
P35372,CHEMBL3977887,0
P35372,CHEMBL4114285,0
P35372,CHEMBL3895359,0
P35372,CHEMBL4108288,0
P35372,CHEMBL3039334,0
P35372,CHEMBL4109267,0
P35372,CHEMBL4288649,0
P35372,CHEMBL4467749,0
P35372,CHEMBL4439285,0
P35372,CHEMBL4459117,0
P35372,CHEMBL4446209,0
P35372,CHEMBL4438550,0
P35372,CHEMBL4470425,0
P35372,CHEMBL4473746,0
P35372,CHEMBL4476530,0
P35372,CHEMBL4788650,0
P35372,CHEMBL4762816,0
P35372,CHEMBL4786209,0
P35372,CHEMBL4778918,0
P35372,CHEMBL4785048,0
P35372,CHEMBL4790304,0
P35372,CHEMBL4859858,0
P35372,CHEMBL4865995,0
P41595,CHEMBL1834253,0
P41595,CHEMBL502620,0
P41595,CHEMBL1909050,0
P41595,CHEMBL408,0
P41595,CHEMBL2158704,0
P41595,CHEMBL2058696,0
P41595,CHEMBL3092760,0
P41595,CHEMBL3310120,0
P41595,CHEMBL3310713,0
P41595,CHEMBL3310116,0
P41595,CHEMBL3310115,0
P41595,CHEMBL3343664,0
P41595,CHEMBL3343666,0
P41595,CHEMBL3343673,0
P41595,CHEMBL3609141,0
P41595,CHEMBL3609142,0
P41595,CHEMBL365751,0
P41595,CHEMBL4286420,0
P41595,CHEMBL1373650,0
P41595,CHEMBL4575731,0
P41595,CHEMBL4589450,0
P41595,CHEMBL4531205,0
P41595,CHEMBL4470244,0
P41595,CHEMBL4456195,0
P41595,CHEMBL4591108,0
P41595,CHEMBL4552895,0
P41595,CHEMBL4778636,0
P41597,CHEMBL53991,0
P41597,CHEMBL297950,0
P41597,CHEMBL299322,0
P41597,CHEMBL1170187,0
P41597,CHEMBL1171760,0
P41597,CHEMBL1924004,0
P41597,CHEMBL1924018,0
P41597,CHEMBL1924019,0
P41597,CHEMBL3359301,0
P41597,CHEMBL3417240,0
P41597,CHEMBL3417239,0
P41597,CHEMBL3417234,0
P41597,CHEMBL3417226,0
P41597,CHEMBL3417117,0
P41597,CHEMBL3417114,0
P41597,CHEMBL3650370,0
P41597,CHEMBL4127538,0
P41597,CHEMBL4471792,0
P41597,CHEMBL4438407,0
P41597,CHEMBL4516788,0
P41597,CHEMBL4569807,0
P41597,CHEMBL4793148,0
P43220,CHEMBL3426295,0
P43220,CHEMBL577346,0
P47898,CHEMBL538029,0
P47898,CHEMBL278509,0
P47898,CHEMBL128185,0
P47898,CHEMBL340646,0
P47898,CHEMBL128848,0
P47898,CHEMBL440524,0
P47898,CHEMBL340807,0
P47898,CHEMBL189262,0
P47898,CHEMBL185996,0
P47898,CHEMBL536557,0
P47898,CHEMBL536561,0
P47898,CHEMBL536789,0
P47898,CHEMBL429925,0
P47898,CHEMBL3644531,0
P47898,CHEMBL3644534,0
P47898,CHEMBL3654195,0
P47898,CHEMBL3654202,0
P47898,CHEMBL3654213,0
P47901,CHEMBL1643605,0
P47901,CHEMBL1779416,0
P47901,CHEMBL1779125,0
P47901,CHEMBL1777828,0
P47901,CHEMBL1779237,0
P47901,CHEMBL4283895,0
P47901,CHEMBL4279321,0
P47901,CHEMBL4277432,0
P47901,CHEMBL4280105,0
P49682,CHEMBL245257,0
P49682,CHEMBL390264,0
P49682,CHEMBL242268,0
P49682,CHEMBL244605,0
P49682,CHEMBL245033,0
P49682,CHEMBL250483,0
P49682,CHEMBL399545,0
P49682,CHEMBL248773,0
P49682,CHEMBL511463,0
P49682,CHEMBL470230,0
P49682,CHEMBL497072,0
P49682,CHEMBL498443,0
P49682,CHEMBL470407,0
P49682,CHEMBL496896,0
P49682,CHEMBL472281,0
P49682,CHEMBL470845,0
P49682,CHEMBL565559,0
P49682,CHEMBL587391,0
P49682,CHEMBL565761,0
P49682,CHEMBL571377,0
P49682,CHEMBL571815,0
P49682,CHEMBL2181457,0
P49682,CHEMBL2181447,0
P49682,CHEMBL2181466,0
P49682,CHEMBL1484738,0
P49682,CHEMBL2205066,0
P49682,CHEMBL2205062,0
P49682,CHEMBL2205061,0
P49682,CHEMBL2205071,0
P49682,CHEMBL2205690,0
P49682,CHEMBL2205707,0
P49682,CHEMBL2205705,0
P49682,CHEMBL2205702,0
P49682,CHEMBL2205700,0
P51685,CHEMBL205808,0
P51685,CHEMBL379834,0
P51685,CHEMBL217908,0
P51685,CHEMBL375880,0
P51685,CHEMBL218374,0
P51685,CHEMBL376076,0
P51685,CHEMBL386308,0
P51685,CHEMBL375854,0
P51685,CHEMBL374979,0
P51685,CHEMBL376910,0
P51685,CHEMBL373504,0
P51685,CHEMBL386987,0
Q05397,CHEMBL1978267,0
Q05397,CHEMBL1997909,0
Q05397,CHEMBL2006156,0
Q05397,CHEMBL1988076,0
Q05397,CHEMBL1993634,0
Q6DWJ6,CHEMBL4779773,0
Q6DWJ6,CHEMBL4798667,0
Q6DWJ6,CHEMBL4779855,0
Q6DWJ6,CHEMBL4778561,0
Q6DWJ6,CHEMBL4780038,0
Q6DWJ6,CHEMBL4789079,0
Q6DWJ6,CHEMBL4783071,0
Q6DWJ6,CHEMBL4800089,0
Q6DWJ6,CHEMBL4776329,0
Q6DWJ6,CHEMBL4796493,0
Q6DWJ6,CHEMBL4789720,0
Q6DWJ6,CHEMBL4790968,0
Q6DWJ6,CHEMBL4782204,0
Q6DWJ6,CHEMBL4871792,0
Q6DWJ6,CHEMBL4870648,0
Q6DWJ6,CHEMBL4847108,0
Q6DWJ6,CHEMBL4871591,0
Q92847,CHEMBL186647,0
Q92847,CHEMBL362531,0
Q92847,CHEMBL189560,0
Q92847,CHEMBL185887,0
Q92847,CHEMBL362777,0
Q92847,CHEMBL235446,0
Q92847,CHEMBL392076,0
Q92847,CHEMBL237925,0
Q92847,CHEMBL410060,0
Q92847,CHEMBL404545,0
Q92847,CHEMBL489401,0
Q92847,CHEMBL1923503,0
Q92847,CHEMBL1923508,0
Q92847,CHEMBL1923513,0
Q92847,CHEMBL1923611,0
Q92847,CHEMBL1923612,0
Q92847,CHEMBL1923615,0
Q92847,CHEMBL1923629,0
Q92847,CHEMBL1923634,0
Q92847,CHEMBL1923643,0
Q92847,CHEMBL1956989,0
Q92847,CHEMBL1956998,0
Q92847,CHEMBL1957000,0
Q92847,CHEMBL1957001,0
Q92847,CHEMBL1957003,0
Q92847,CHEMBL2011816,0
Q92847,CHEMBL2048818,0
Q92847,CHEMBL2048819,0
Q92847,CHEMBL2164497,0
Q92847,CHEMBL2170780,0
Q92847,CHEMBL3287218,0
Q92847,CHEMBL3394205,0
Q92847,CHEMBL3394198,0
Q92847,CHEMBL3797225,0
Q92847,CHEMBL3798056,0
Q92847,CHEMBL3798559,0
Q92847,CHEMBL3798095,0
Q92847,CHEMBL3645258,0
Q92847,CHEMBL3798155,0
Q92847,CHEMBL3797857,0
Q92847,CHEMBL3918783,0
Q92847,CHEMBL3949653,0
Q92847,CHEMBL3985348,0
Q92847,CHEMBL3890296,0
Q92847,CHEMBL3897478,0
Q92847,CHEMBL3970856,0
Q92847,CHEMBL3894559,0
Q92847,CHEMBL3940653,0
Q92847,CHEMBL3918512,0
Q92847,CHEMBL3977294,0
Q92847,CHEMBL3971540,0
Q92847,CHEMBL3948472,0
Q92847,CHEMBL3893788,0
Q92847,CHEMBL3958451,0
Q92847,CHEMBL3967783,0
Q92847,CHEMBL3921499,0
Q92847,CHEMBL3907497,0
Q92847,CHEMBL3918046,0
Q92847,CHEMBL3963523,0
Q92847,CHEMBL3936957,0
Q92847,CHEMBL3898864,0
Q92847,CHEMBL3930570,0
Q92847,CHEMBL3918996,0
Q92847,CHEMBL3947631,0
Q92847,CHEMBL3900122,0
Q92847,CHEMBL3914338,0
Q92847,CHEMBL3961641,0
Q92847,CHEMBL3917416,0
Q92847,CHEMBL3946007,0
Q92847,CHEMBL3981235,0
Q92847,CHEMBL3931716,0
Q92847,CHEMBL3961456,0
Q92847,CHEMBL3905791,0
Q92847,CHEMBL3954620,0
Q92847,CHEMBL3908156,0
Q92847,CHEMBL3892319,0
Q92847,CHEMBL3909431,0
Q92847,CHEMBL3961160,0
Q92847,CHEMBL3926434,0
Q92847,CHEMBL3979606,0
Q92847,CHEMBL3907891,0
Q92847,CHEMBL3955437,0
Q92847,CHEMBL3955179,0
Q92847,CHEMBL3940295,0
Q92847,CHEMBL4556887,0
Q92847,CHEMBL4517399,0
Q92847,CHEMBL4581511,0
Q92847,CHEMBL4785149,0
Q92847,CHEMBL4763471,0
Q92847,CHEMBL4761419,0
Q92847,CHEMBL4745666,0
Q92847,CHEMBL4751674,0
Q96RJ0,CHEMBL2206377,0
Q96RJ0,CHEMBL2206890,0
Q96RJ0,CHEMBL2206407,0
Q96RJ0,CHEMBL2206405,0
Q96RJ0,CHEMBL2206402,0
Q96RJ0,CHEMBL149652,0
Q99705,CHEMBL176230,0
Q99705,CHEMBL435329,0
Q99705,CHEMBL179346,0
Q99705,CHEMBL178755,0
Q99705,CHEMBL179417,0
Q99705,CHEMBL175943,0
Q99705,CHEMBL176219,0
Q99705,CHEMBL368417,0
Q99705,CHEMBL175993,0
Q99705,CHEMBL178864,0
Q99705,CHEMBL176092,0
Q99705,CHEMBL176208,0
Q99705,CHEMBL366703,0
Q99705,CHEMBL368228,0
Q99705,CHEMBL179869,0
Q99705,CHEMBL180364,0
Q99705,CHEMBL178182,0
Q99705,CHEMBL447835,0
Q99705,CHEMBL3085299,0
Q99705,CHEMBL188654,0
Q99705,CHEMBL359580,0
Q99705,CHEMBL363238,0
Q99705,CHEMBL433961,0
Q99705,CHEMBL363459,0
Q99705,CHEMBL433591,0
Q99705,CHEMBL188088,0
Q99705,CHEMBL187719,0
Q99705,CHEMBL187942,0
Q99705,CHEMBL189611,0
Q99705,CHEMBL189029,0
Q99705,CHEMBL380692,0
Q99705,CHEMBL382140,0
Q99705,CHEMBL203445,0
Q99705,CHEMBL205285,0
Q99705,CHEMBL204212,0
Q99705,CHEMBL204161,0
Q99705,CHEMBL208931,0
Q99705,CHEMBL208573,0
Q99705,CHEMBL377372,0
Q99705,CHEMBL424697,0
Q99705,CHEMBL210155,0
Q99705,CHEMBL209964,0
Q99705,CHEMBL378283,0
Q99705,CHEMBL213642,0
Q99705,CHEMBL211746,0
Q99705,CHEMBL385252,0
Q99705,CHEMBL378304,0
Q99705,CHEMBL213089,0
Q99705,CHEMBL213465,0
Q99705,CHEMBL215850,0
Q99705,CHEMBL408332,0
Q99705,CHEMBL212230,0
Q99705,CHEMBL384738,0
Q99705,CHEMBL387025,0
Q99705,CHEMBL215619,0
Q99705,CHEMBL214441,0
Q99705,CHEMBL214527,0
Q99705,CHEMBL425263,0
Q99705,CHEMBL386507,0
Q99705,CHEMBL215040,0
Q99705,CHEMBL217544,0
Q99705,CHEMBL384145,0
Q99705,CHEMBL383933,0
Q99705,CHEMBL425082,0
Q99705,CHEMBL214276,0
Q99705,CHEMBL383971,0
Q99705,CHEMBL217618,0
Q99705,CHEMBL385011,0
Q99705,CHEMBL216406,0
Q99705,CHEMBL214323,0
Q99705,CHEMBL216959,0
Q99705,CHEMBL215388,0
Q99705,CHEMBL386660,0
Q99705,CHEMBL215138,0
Q99705,CHEMBL215005,0
Q99705,CHEMBL263296,0
Q99705,CHEMBL216751,0
Q99705,CHEMBL216056,0
Q99705,CHEMBL215113,0
Q99705,CHEMBL425084,0
Q99705,CHEMBL215964,0
Q99705,CHEMBL216471,0
Q99705,CHEMBL216368,0
Q99705,CHEMBL216570,0
Q99705,CHEMBL386039,0
Q99705,CHEMBL215273,0
Q99705,CHEMBL389618,0
Q99705,CHEMBL387990,0
Q99705,CHEMBL425664,0
Q99705,CHEMBL439013,0
Q99705,CHEMBL387502,0
Q99705,CHEMBL229767,0
Q99705,CHEMBL425654,0
Q99705,CHEMBL441726,0
Q99705,CHEMBL229171,0
Q99705,CHEMBL229461,0
Q99705,CHEMBL390288,0
Q99705,CHEMBL229291,0
Q99705,CHEMBL389811,0
Q99705,CHEMBL230307,0
Q99705,CHEMBL231044,0
Q99705,CHEMBL231652,0
Q99705,CHEMBL430162,0
Q99705,CHEMBL396193,0
Q99705,CHEMBL231814,0
Q99705,CHEMBL234930,0
Q99705,CHEMBL232619,0
Q99705,CHEMBL232209,0
Q99705,CHEMBL233889,0
Q99705,CHEMBL393959,0
Q99705,CHEMBL237098,0
Q99705,CHEMBL248462,0
Q99705,CHEMBL246992,0
Q99705,CHEMBL251946,0
Q99705,CHEMBL252145,0
Q99705,CHEMBL269939,0
Q99705,CHEMBL556661,0
Q99705,CHEMBL538211,0
Q99705,CHEMBL551149,0
Q99705,CHEMBL552292,0
Q99705,CHEMBL552498,0
Q99705,CHEMBL1254630,0
Q99705,CHEMBL1255054,0
Q99705,CHEMBL1254055,0
Q99705,CHEMBL1254327,0
Q99705,CHEMBL1254398,0
Q99705,CHEMBL1254399,0
Q99705,CHEMBL1254479,0
Q99705,CHEMBL1254329,0
Q99705,CHEMBL1254799,0
Q99705,CHEMBL1254973,0
Q99705,CHEMBL1255057,0
Q99705,CHEMBL1254150,0
Q99705,CHEMBL1254402,0
Q99705,CHEMBL1254636,0
Q99705,CHEMBL1290041,0
Q99705,CHEMBL1290150,0
Q99705,CHEMBL1290594,0
Q99705,CHEMBL1289829,0
Q99705,CHEMBL1289512,0
Q99705,CHEMBL1289279,0
Q99705,CHEMBL1289051,0
Q99705,CHEMBL1289282,0
Q99705,CHEMBL1289399,0
Q99705,CHEMBL3616496,0
Q99705,CHEMBL3618331,0
Q99705,CHEMBL3675282,0
Q99705,CHEMBL3675286,0
Q99705,CHEMBL3675293,0
Q99705,CHEMBL3675297,0
Q99705,CHEMBL3675301,0
Q99705,CHEMBL3675306,0
Q99705,CHEMBL3675309,0
Q99705,CHEMBL3675313,0
Q99705,CHEMBL3693992,0
Q99705,CHEMBL3693994,0
Q99705,CHEMBL3640806,0
Q99705,CHEMBL3640815,0
Q99705,CHEMBL3665316,0
Q99705,CHEMBL3665320,0
Q99705,CHEMBL3665336,0
Q99705,CHEMBL3665340,0
Q99705,CHEMBL3665345,0
Q99705,CHEMBL3665354,0
Q99705,CHEMBL3665355,0
Q99705,CHEMBL3665357,0
Q99705,CHEMBL3665366,0
Q99705,CHEMBL3665389,0
Q99705,CHEMBL3665399,0
Q99705,CHEMBL3665405,0
Q99705,CHEMBL3651068,0
Q99705,CHEMBL3651074,0
Q99705,CHEMBL3651079,0
Q99705,CHEMBL3673559,0
Q99705,CHEMBL3673562,0
Q9H244,CHEMBL249789,0
Q9H244,CHEMBL498423,0
Q9H244,CHEMBL498225,0
Q9H244,CHEMBL524284,0
Q9H244,CHEMBL498038,0
Q9H244,CHEMBL1440,0
Q9H244,CHEMBL564981,0
Q9H244,CHEMBL552971,0
Q9H244,CHEMBL551484,0
Q9H244,CHEMBL556142,0
Q9H244,CHEMBL541745,0
Q9H244,CHEMBL559340,0
Q9H244,CHEMBL562344,0
Q9H244,CHEMBL556723,0
Q9H244,CHEMBL541742,0
Q9H244,CHEMBL549797,0
Q9H244,CHEMBL549308,0
Q9H244,CHEMBL551020,0
Q9H244,CHEMBL565409,0
Q9H244,CHEMBL567561,0
Q9H244,CHEMBL566913,0
Q9H244,CHEMBL570385,0
Q9H244,CHEMBL570275,0
Q9H244,CHEMBL565573,0
Q9H244,CHEMBL567416,0
Q9H244,CHEMBL570060,0
Q9H244,CHEMBL570151,0
Q9H244,CHEMBL570149,0
Q9H244,CHEMBL570093,0
Q9H244,CHEMBL565470,0
Q9H244,CHEMBL566753,0
Q9H244,CHEMBL566520,0
Q9H244,CHEMBL566309,0
Q9H244,CHEMBL569815,0
Q9H244,CHEMBL569617,0
Q9H244,CHEMBL569681,0
Q9H244,CHEMBL585852,0
Q9H244,CHEMBL567695,0
Q9H244,CHEMBL601488,0
Q9H244,CHEMBL590261,0
Q9H244,CHEMBL601486,0
Q9H244,CHEMBL590258,0
Q9H244,CHEMBL601273,0
Q9H244,CHEMBL601272,0
Q9H244,CHEMBL601447,0
Q9H244,CHEMBL601909,0
Q9H244,CHEMBL590004,0
Q9H244,CHEMBL590003,0
Q9H244,CHEMBL589897,0
Q9H244,CHEMBL589971,0
Q9H244,CHEMBL589584,0
Q9H244,CHEMBL590950,0
Q9H244,CHEMBL600575,0
Q9H244,CHEMBL578522,0
Q9H244,CHEMBL592883,0
Q9H244,CHEMBL589554,0
Q9H244,CHEMBL603147,0
Q9H244,CHEMBL592577,0
Q9H244,CHEMBL600371,0
Q9H244,CHEMBL590747,0
Q9H244,CHEMBL591839,0
Q9H244,CHEMBL603149,0
Q9H244,CHEMBL603148,0
Q9H244,CHEMBL592671,0
Q9H244,CHEMBL592886,0
Q9H244,CHEMBL603151,0
Q9H244,CHEMBL589216,0
Q9H244,CHEMBL603866,0
Q9H244,CHEMBL599399,0
Q9H244,CHEMBL591593,0
Q9H244,CHEMBL598376,0
Q9H244,CHEMBL599825,0
Q9H244,CHEMBL599400,0
Q9H244,CHEMBL606408,0
Q9H244,CHEMBL606209,0
Q9H244,CHEMBL599816,0
Q9H244,CHEMBL603333,0
Q9H244,CHEMBL599020,0
Q9H244,CHEMBL597766,0
Q9H244,CHEMBL597157,0
Q9H244,CHEMBL605563,0
Q9H244,CHEMBL2172131,0
Q9H244,CHEMBL2172149,0
Q9H244,CHEMBL2172146,0
Q9H244,CHEMBL2172163,0
Q9H244,CHEMBL2172161,0
Q9H244,CHEMBL2172281,0
Q9H244,CHEMBL2172280,0
Q9Y5Y4,CHEMBL181572,0
Q9Y5Y4,CHEMBL181353,0
Q9Y5Y4,CHEMBL180258,0
Q9Y5Y4,CHEMBL360243,0
Q9Y5Y4,CHEMBL181060,0
Q9Y5Y4,CHEMBL409524,0
Q9Y5Y4,CHEMBL411308,0
Q9Y5Y4,CHEMBL259454,0
Q9Y5Y4,CHEMBL258965,0
Q9Y5Y4,CHEMBL261316,0
Q9Y5Y4,CHEMBL261435,0
Q9Y5Y4,CHEMBL261689,0
Q9Y5Y4,CHEMBL259453,0
Q9Y5Y4,CHEMBL561942,0
Q9Y5Y4,CHEMBL1083733,0
Q9Y5Y4,CHEMBL1083734,0
Q9Y5Y4,CHEMBL1083735,0
Q9Y5Y4,CHEMBL1778388,0
Q9Y5Y4,CHEMBL1778510,0
Q9Y5Y4,CHEMBL1778512,0
Q9Y5Y4,CHEMBL1778514,0
Q9Y5Y4,CHEMBL1778518,0
Q9Y5Y4,CHEMBL1778522,0
Q9Y5Y4,CHEMBL1917581,0
Q9Y5Y4,CHEMBL1917593,0
Q9Y5Y4,CHEMBL1917599,0
Q9Y5Y4,CHEMBL1917602,0
Q9Y5Y4,CHEMBL1917625,0
Q9Y5Y4,CHEMBL1917626,0
Q9Y5Y4,CHEMBL1917634,0
Q9Y5Y4,CHEMBL1917635,0
Q9Y5Y4,CHEMBL1917780,0
Q9Y5Y4,CHEMBL1917792,0
Q9Y5Y4,CHEMBL1917797,0
Q9Y5Y4,CHEMBL1917799,0
Q9Y5Y4,CHEMBL1917804,0
Q9Y5Y4,CHEMBL1917807,0
Q9Y5Y4,CHEMBL2030117,0
Q9Y5Y4,CHEMBL2030118,0
Q9Y5Y4,CHEMBL2030122,0
Q9Y5Y4,CHEMBL2036024,0
Q9Y5Y4,CHEMBL2036026,0
Q9Y5Y4,CHEMBL2036033,0
Q9Y5Y4,CHEMBL2036207,0
Q9Y5Y4,CHEMBL2036222,0
Q9Y5Y4,CHEMBL2036224,0
Q9Y5Y4,CHEMBL2042237,0
Q9Y5Y4,CHEMBL2042379,0
Q9Y5Y4,CHEMBL2042380,0
Q9Y5Y4,CHEMBL2181750,0
Q9Y5Y4,CHEMBL2181751,0
Q9Y5Y4,CHEMBL2442746,0
Q9Y5Y4,CHEMBL2442740,0
Q9Y5Y4,CHEMBL2442736,0
Q9Y5Y4,CHEMBL3125331,0
Q9Y5Y4,CHEMBL3125334,0
Q9Y5Y4,CHEMBL3125338,0
Q9Y5Y4,CHEMBL3125343,0
Q9Y5Y4,CHEMBL3125160,0
Q9Y5Y4,CHEMBL3693856,0
Q9Y5Y4,CHEMBL3685837,0
Q9Y5Y4,CHEMBL3685841,0
Q9Y5Y4,CHEMBL3690172,0
Q9Y5Y4,CHEMBL3685851,0
Q9Y5Y4,CHEMBL3685859,0
Q9Y5Y4,CHEMBL3685878,0
Q9Y5Y4,CHEMBL3685882,0
Q9Y5Y4,CHEMBL3685888,0
Q9Y5Y4,CHEMBL3685892,0
Q9Y5Y4,CHEMBL3685895,0
Q9Y5Y4,CHEMBL3685909,0
Q9Y5Y4,CHEMBL3685915,0
Q9Y5Y4,CHEMBL3685920,0
Q9Y5Y4,CHEMBL3685925,0
Q9Y5Y4,CHEMBL3685934,0
Q9Y5Y4,CHEMBL3685936,0
Q9Y5Y4,CHEMBL3685939,0
Q9Y5Y4,CHEMBL3685952,0
Q9Y5Y4,CHEMBL3685955,0
Q9Y5Y4,CHEMBL3685962,0
Q9Y5Y4,CHEMBL3685982,0
Q9Y5Y4,CHEMBL3685983,0
Q9Y5Y4,CHEMBL3685986,0
Q9Y5Y4,CHEMBL3685990,0
Q9Y5Y4,CHEMBL3685991,0
Q9Y5Y4,CHEMBL3685997,0
Q9Y5Y4,CHEMBL3686007,0
Q9Y5Y4,CHEMBL3686011,0
Q9Y5Y4,CHEMBL3686024,0
Q9Y5Y4,CHEMBL3686031,0
Q9Y5Y4,CHEMBL3686036,0
Q9Y5Y4,CHEMBL3686040,0
Q9Y5Y4,CHEMBL3686043,0
Q9Y5Y4,CHEMBL3686044,0
Q9Y5Y4,CHEMBL3686045,0
Q9Y5Y4,CHEMBL3686057,0
Q9Y5Y4,CHEMBL3694728,0
Q9Y5Y4,CHEMBL3694735,0
Q9Y5Y4,CHEMBL3694742,0
Q9Y5Y4,CHEMBL3694743,0
Q9Y5Y4,CHEMBL3694760,0
Q9Y5Y4,CHEMBL3694761,0
Q9Y5Y4,CHEMBL3694763,0
Q9Y5Y4,CHEMBL3694765,0
Q9Y5Y4,CHEMBL3694768,0
Q9Y5Y4,CHEMBL3971297,0
Q9Y5Y4,CHEMBL3914303,0
Q9Y5Y4,CHEMBL3913517,0
Q9Y5Y4,CHEMBL3901506,0
Q9Y5Y4,CHEMBL3918250,0
Q9Y5Y4,CHEMBL3981668,0
Q9Y5Y4,CHEMBL3937458,0
Q9Y5Y4,CHEMBL3963030,0
Q9Y5Y4,CHEMBL3892999,0
Q9Y5Y4,CHEMBL3982409,0
Q9Y5Y4,CHEMBL3978199,0
Q9Y5Y4,CHEMBL3894114,0
Q9Y5Y4,CHEMBL3945295,0
Q9Y5Y4,CHEMBL3950956,0
Q9Y5Y4,CHEMBL3932046,0
Q9Y5Y4,CHEMBL3957135,0
Q9Y5Y4,CHEMBL3917196,0
Q9Y5Y4,CHEMBL3977059,0
Q9Y5Y4,CHEMBL4208892,0
Q9Y5Y4,CHEMBL4207618,0
Q9Y5Y4,CHEMBL4203383,0
Q9Y5Y4,CHEMBL4215049,0
Q9Y5Y4,CHEMBL4208314,0
Q9Y5Y4,CHEMBL4205421,0
Q9Y5Y4,CHEMBL4207935,0
Q9Y5Y4,CHEMBL4208884,0
Q9Y5Y4,CHEMBL4205802,0
